Library Full Name,Library Number,Survey Year From,Ontario Library Service (OLS) Region (English),Type of Library Service (English),Mailing Address,Street Address,City/Town,Province,Postal Code,Web Site Address
Addington Highlands Twp,L0005,2017,Southern Ontario Library Service,Public or Union Library,Box 72 ,3641 Flinton Rd. ,Flinton,Ontario,K0H1P0,www.addingtonhighlandspubliclibrary.ca
Adjala-TosorontioTwp,L0003,2017,Southern Ontario Library Service,Contracting Municipality,7855 Sideroad 30 R.R. #1 ,7855 Sideroad 30 R.R. #1 ,Alliston,Ontario,L9R1V1,www.adjtos.ca
Admaston/Bromley Twp,L0002,2017,Southern Ontario Library Service,Public or Union Library,Hwy 60 P O Box 130 ,5346 Highway 60 ,Douglas,Ontario,K0J1S0,http://www.admastonbromleylibrary.com
Ajax,L0032,2017,Southern Ontario Library Service,Public or Union Library,55 Harwood Avenue South ,55 Harwood Avenue South ,Ajax,Ontario,L1S2H8,ajaxlibrary.ca
Alberton Twp,L1098,2017,Ontario Library Service - North,Contracting Municipality,3 Highway 611 South RR1B2 ,3 Highway 611 South RR1B2 ,Township of Alberton,Ontario,P9A3M2,http://www.alberton.ca/
Alderville FN,L0390,2017,Southern Ontario Library Service,First Nations Library,P.O. Box 46 ,11696 Second Line Road ,Alderville,Ontario,K0K2X0,http://aldervillelearningcentre.com/index.php/library.html
Alfred & Plantagenet Twp,L0004,2017,Southern Ontario Library Service,Public or Union Library,C.P. 10 ,1963 rue de l'H?tel de Ville C.P. 10 ,Lefaivre,Ontario,K0B1J0,www.alfred-plantagenet.ca
Algonquins of Pikwakanagan FN,L0391,2017,Southern Ontario Library Service,First Nations Library,1657 A Mishomis Inamo ,1657 A Mishomis Inamo ,Golden Lake,Ontario,K0J1X0,http://algonquinsofpikwakanagan.com/library.php
Alnwick/Haldimand Twp,L0487,2017,Southern Ontario Library Service,Public or Union Library,2363 County Road 23 ,,Grafton,Ontario,K0K2G0,www.alnwickhaldimand.ca
Amaranth Twp,L0012,2017,Southern Ontario Library Service,Contracting Municipality,374028 6th Line ,374028 6th Line ,Amaranth,Ontario,L9W0M6,www.amaranth-eastgary.ca
Archipelago Twp,L0345,2017,Ontario Library Service - North,Contracting Municipality,9 James Street ,,Parry Sound,Ontario,P2A1T4,www.thearchipelago.on.ca
Armstrong Twp,L0013,2017,Ontario Library Service - North,Public or Union Library,C.P. 39 ,35 10th Street ,Earlton,Ontario,P0J1E0,http://www.olsn.ca/armstrong
Arnprior,L0014,2017,Southern Ontario Library Service,Public or Union Library,21 Madawaska Street ,21 Madawaska Street ,Arnprior,Ontario,K7S1R6,www.arnpriorlibrary.ca
Asphodel-Norwood,L0016,2017,Southern Ontario Library Service,Public or Union Library,P.O. Box 100 ,2363 County Road 45 ,Norwood,Ontario,K0L2V0,www.anpl.org
Assiginack Twp,L0017,2017,Ontario Library Service - North,Public or Union Library,Manitowaning Box 280  ,25A  Spragge St. ,Manitoulin Island,Ontario,P0P1N0,www.assiginacklibrary.org
Athens Twp,L0018,2017,Southern Ontario Library Service,Public or Union Library,P.O. Box 309 ,5 Central Street ,Athens,Ontario,K0E1B0,www.athenslibrary.ca
Atikameksheng Anishnawbek Band No. 6 FN,L0424,2017,Ontario Library Service - North,First Nations Library,25 reserve road ,212 Maaini Street ,Whitefish First Nation,Ontario,P0M2M0,http://www.wlfn.com
Atikokan,L0011,2017,Ontario Library Service - North,Public or Union Library,214 Skyes St. ,214 Sykes St. ,Atikokan,Ontario,P0T1C0,www.aplibrary.org
Augusta Twp,L0010,2017,Southern Ontario Library Service,Public or Union Library,R.R. #2 ,4500 County Road 15 ,Brockville,Ontario,K6V5T2,augustalibrary.com
Aundeck-Omni-Kaning FN,L1035,2017,Ontario Library Service - North,First Nations Library,P.O. Box 21  RR #1 ,13 Hill Street ,Little Current,Ontario,P0P1K0,
Aurora,L0033,2017,Southern Ontario Library Service,Public or Union Library,15145 Yonge Street ,Yonge Street ,Aurora,Ontario,L4G1M1,www.aurorapl.ca
Aweres LSB,L0488,2017,Ontario Library Service - North,Contracting LSB,399 A Hwy 17 N ,399 A Hwy 17 N ,Aweres Twp.,Ontario,P6A5K7,localservicesboardofaweres@shaw.ca
Baldwin Twp,L0061,2017,Ontario Library Service - North,Contracting Municipality,P.O. Box 7095 ,11 Spooner St ,McKerrow,Ontario,P0P1M0,www.townshipofbaldwin.ca
Bancroft Town,L0062,2017,Southern Ontario Library Service,Public or Union Library,P.O. Box 127 ,14 Flint Street ,Bancroft,Ontario,K0L1C0,bancroftlibrary@bellnet.ca
Barrie,L0043,2017,Southern Ontario Library Service,Public or Union Library,60 Worsley St ,48 Dean Ave ,Barrie,Ontario,L4N0C2,library.barrie.ca
Beausoleil First Nation Public Library,L0393,2017,Southern Ontario Library Service,First Nations Library,150 Mkade Kegwin MIIkan ,150 Mkade Kegwin MIIkan ,Christian Island,Ontario,L9M0A9,http://www.olsn.ca/bfnlibrary
Beckwith Twp,L0035,2017,Southern Ontario Library Service,Contracting Municipality,1702 9th Line Beckwith R.R.#2 ,1702 9th Line Beckwith R.R.#2 ,Carleton Place,Ontario,K7C3P2,www.twp.beckwith.on.ca
Belleville,L0081,2017,Southern Ontario Library Service,Public or Union Library,254 Pinnacle Street ,,Belleville,Ontario,K8N3B1,www.bellevillelibrary.com
Big Grassy FN,L0394,2017,Ontario Library Service - North,First Nations Library,P.O. Box 453 ,513 Beach Rd. ,Morson,Ontario,P0W1J0,www.biggrassy.ca/library
Biigtigong Nishnaabeg,L0456,2017,Ontario Library Service - North,First Nations Library,P. O. Box 216 ,21 Rabbit Drive ,Heron Bay,Ontario,P0T1R0,
Billings Twp,L0082,2017,Ontario Library Service - North,Public or Union Library,18 Upper Street P.O. Box 37 ,18 Upper Street P.O. Box 37 ,Kagawong,Ontario,P0P1J0,www.olsn.ca/billingslibrary
Bkejwanong FN,L0462,2017,Southern Ontario Library Service,First Nations Library,Walpole Island First Nation R.R. #3 ,136 Tecumseh Road ,Wallaceburg,Ontario,N8A4K9,www.bkejwanonglibrary.ca
Black River-Matheson Twp,L0083,2017,Ontario Library Service - North,Public or Union Library,P.O. Box 450 ,352 Second Street ,Matheson,Ontario,P0K1N0,
Blind River,L0429,2017,Ontario Library Service - North,Public or Union Library,P.O. Box 880 ,8 Woodward Avenue ,Blind River,Ontario,P0R1B0,http://www.olsn.ca/blindriverlibrary/
Bonfield,L0084,2017,Ontario Library Service - North,Public or Union Library,365 Highway 531 ,365 Highway 531 ,Bonfield,Ontario,P0H1E0,www.olsn.ca/bonfield
Bonnechere Union,L0080,2017,Southern Ontario Library Service,Public or Union Library,P.O. Box 39 ,74 A  Maple Street ,Eganville,Ontario,K0J1T0,www.bonnechereupl.com
Bracebridge,L0070,2017,Southern Ontario Library Service,Public or Union Library,94 Manitoba Street ,94 Manitoba Street ,Bracebridge,Ontario,P1L2B5,www.bracebridge.library.on.ca
Bradford West Gwillimbury Town,L0086,2017,Southern Ontario Library Service,Public or Union Library,425 Holland Street West ,425 Holland Street West ,Bradford,Ontario,L3Z0J2,www.bradford.library.on.ca
Brampton,L0041,2017,Southern Ontario Library Service,Public or Union Library,65 Queen Street East ,,Brampton,Ontario,L6W3L6,www.bramptonlibrary.ca
Brant County,L0040,2017,Southern Ontario Library Service,Public or Union Library,12 William Street ,12 William Street ,Paris,Ontario,N3L1K7,www.brantlibrary.ca
Brantford,L0039,2017,Southern Ontario Library Service,Public or Union Library,173 Colborne Street ,,Brantford,Ontario,N3T2G8,brantford.library.on.ca
Brighton Public Library Board,L0466,2017,Southern Ontario Library Service,Public or Union Library,35 Alice St P.O. Box 129 ,35 Alice Street ,Brighton,Ontario,K0K1H0,www.brighton.library.on.ca
Britt Area,L0322,2017,Ontario Library Service - North,LSB Library,P.O. Box 2 ,841 Riverside Drive ,Britt,Ontario,P0G1A0,britt.lib@hotmail.com
Brock Twp,L0038,2017,Southern Ontario Library Service,Public or Union Library,P.O. Box 310 ,401 Simcoe Street North ,Beaverton,Ontario,L0K1A0,www.brocklibraries.ca
Brockville,L0088,2017,Southern Ontario Library Service,Public or Union Library,P.O. Box 100 ,23 Buell Street ,Brockville,Ontario,K6V5T7,www.brockvillelibrary.ca
Bruce County,L0089,2017,Southern Ontario Library Service,"County, County co-operative or Regional Municipality Library",1243 Mackenzie Road ,,Town of Saugeen Shores,Ontario,N0H2C6,library.brucecounty.on.ca
Bruce Mines & Plummer Additional Union,L0044,2017,Ontario Library Service - North,Public or Union Library,P.O. Box 249 ,33 Desbarats Street ,Bruce Mines,Ontario,P0R1C0,www.bruceminesandplummerlibrary.ca
"Brudenell, Lyndoch & Raglan Twp",L0078,2017,Southern Ontario Library Service,Contracting Municipality,42 Burnt Bridge Road   Box 40 ,,Palmer Rapids,Ontario,K0J2E0,
"Burk's Falls, Armour & Ryerson Union",L0090,2017,Ontario Library Service - North,Public or Union Library,Copeland Street P.O. Box 620 ,39 Copeland Street ,Burk's Falls,Ontario,P0A1C0,www.burksfallslibrary.com
Burlington,L0037,2017,Southern Ontario Library Service,Public or Union Library,2331 New Street ,,Burlington,Ontario,L7R1J4,www.bpl.on.ca
Caledon,L0049,2017,Southern Ontario Library Service,Public or Union Library,6500 Old Church Road ,,Caledon East,Ontario,L7C0H3,www.caledon.library.on.ca
Callander,L1036,2017,Ontario Library Service - North,Public or Union Library,30 Catherine Street P. O. Box 149 ,,Callander,Ontario,P0H1H0,mycallander.ca
"Calvin, Municipality of",L0092,2017,Ontario Library Service - North,Contracting Municipality,1355 Peddlers Dr.  R.R. #2 ,,Mattawa,Ontario,P0H1V0,www.calvintownship.ca
Cambridge,L0104,2017,Southern Ontario Library Service,Public or Union Library,1 North Square ,1 North Square ,Cambridge,Ontario,N1S2K6,www.ideaexchange.org
Carleton Place,L0048,2017,Southern Ontario Library Service,Public or Union Library,101 Beckwith Street ,101 Beckwith Street ,Carleton Place,Ontario,K7C2T3,www.carletonplacelibrary.ca
Carling Twp,L0093,2017,Ontario Library Service - North,Contracting Municipality,2 West Carling Bay Rd RR1 ,29 Mary Street ,Parry Sound,Ontario,P2A1E3,www.carlingtownship.ca
Carlow/Mayo Public Library,L0106,2017,Southern Ontario Library Service,Public or Union Library,R.R. #4 ,124 Fort Stewart Road ,Bancroft,Ontario,K0L1C0,
Casey Twp,L0094,2017,Ontario Library Service - North,Contracting Municipality,P.O. Box 460 ,6 Lachapelle Street ,Belle Vallee,Ontario,P0J1A0,harlytwp@parolink.net
Casselman,L0107,2017,Southern Ontario Library Service,Public or Union Library,764 rue Br? beuf   C.P. 340 ,,Casselman,Ontario,K0A1M0,www.bibliocasselman.ca
"Cavan Monaghan Public Library Board, Township of",L0045,2017,Southern Ontario Library Service,Public or Union Library,1 Dufferin Street ,,Millbrook,Ontario,L0A1G0,cavanmonaghanlibraries.ca
Central Manitoulin Twp,L0109,2017,Ontario Library Service - North,Public or Union Library,P.O. Box 210 ,6020 Hwy 542 ,Mindemoya,Ontario,P0P1S0,www.centralmanitoulin.ca
Centre Hastings,L0110,2017,Southern Ontario Library Service,Public or Union Library,P.O. Box 6 ,20 Davidson Street ,Madoc,Ontario,K0K2K0,madocpubliclibrary.ca
Chamberlain Twp,L0103,2017,Ontario Library Service - North,Contracting Municipality,467501 Chamberlain Road 5 R.R. #3 ,467501 Chamberlain Road 5 ,Englehart,Ontario,P0J1H0,chamberlaintownship.com
Champlain Twp,L0108,2017,Southern Ontario Library Service,Public or Union Library,94 Main Street East P.O. Box 520 ,94 Main Street East ,Vankleek Hill,Ontario,K0B1R0,www.bc-cl.ca
Chapleau Twp,L0112,2017,Ontario Library Service - North,Public or Union Library,20 Pine West 910 ,20 Pine West 910 ,Chapleau,Ontario,P0M1K0,www.olsn.ca/chapleau
Chapple Twp,L0097,2017,Ontario Library Service - North,Contracting Municipality,54 Barwick Road P.O. Box 4 ,54 Barwick Road ,Barwick,Ontario,P0W1A0,www.chapple.on.ca
"Charlton and Dack, Municipality of",L1034,2017,Ontario Library Service - North,Contracting Municipality,287237 Sprucegrove Road ,287237 Sprucegrove Road ,Englehart,Ontario,P0J1H0,charltonanddack.com
Chatham-Kent,L0121,2017,Southern Ontario Library Service,Public or Union Library,120 Queen Street ,120 Queen Street ,Chatham,Ontario,N7M2G6,www.ckpl.ca
Chippewas of Georgina Island FN,L0396,2017,Southern Ontario Library Service,First Nations Library,Box N-13 R.R. #2 ,830 Chief Joseph Snake Road ,Sutton West,Ontario,L0E1R0,
Chippewas of Kettle & Stony Point FN,L0397,2017,Southern Ontario Library Service,First Nations Library,6265 Indian Lane #5 ,6265 Indian Lane #5 ,Kettle and Stony Point,Ontario,N0N1J1,http://ksplibrary.com
Chippewas of Nawash FN,L0411,2017,Southern Ontario Library Service,First Nations Library,R.R. #5 ,,Wiarton,Ontario,N0H2T0,
Chippewas of Rama FN,L0398,2017,Southern Ontario Library Service,First Nations Library,5884 Rama Road Suite 200 ,6147 Rama Road ,Rama,Ontario,L3V6H6,
Chippewas of the Thames FN,L0400,2017,Southern Ontario Library Service,First Nations Library,320 Chippewa Road ,328 Chippewa Road ,Muncey,Ontario,N0L1Y0,www.cottfn.com/page.php?subcategory1=library&id=13
Clarence-Rockland,L0120,2017,Southern Ontario Library Service,Public or Union Library,2-1525 avenue du Parc ,,Rockland,Ontario,K4K1C3,www.clarence-rockland.ca
"Clarington, Municipality of",L0113,2017,Southern Ontario Library Service,Public or Union Library,163 Church Street ,,Bowmanville,Ontario,L1C1T7,http://www.clarington-library.on.ca
Clearview Twp,L0115,2017,Southern Ontario Library Service,Public or Union Library,201 Huron Street 160 ,201 Huron Street 160 ,Stayner,Ontario,L0M1S0,www.clearview.library.on.ca
Cobalt Twp,L0102,2017,Ontario Library Service - North,Public or Union Library,P.O. Box 170 ,30 Lang Street ,Cobalt,Ontario,P0J1C0,cobaltlibrary.com
Cobourg,L0116,2017,Southern Ontario Library Service,Public or Union Library,200 Ontario Street ,,Cobourg,Ontario,K9A5P4,www.cobourg.library.on.ca
Cochrane Public Library Board,L0117,2017,Ontario Library Service - North,Public or Union Library,P.O. Box 700 ,178 4th Avenue ,Cochrane,Ontario,P0L1C0,www.olsn.ca/cochrane/
Coleman Twp,L0101,2017,Ontario Library Service - North,Contracting Municipality,R R # 1 ,937907 Marsh Bay Road ,Coleman Township,Ontario,P0J1C0,colemantownship.com
Collingwood,L0066,2017,Southern Ontario Library Service,Public or Union Library,55 St. Marie Street ,55 St. Marie Street ,Collingwood,Ontario,L9Y0W6,http://www.collingwoodpubliclibrary.ca
Conmee Twp,L0046,2017,Ontario Library Service - North,Contracting Municipality,19 Holland Road West R.R. #1  ,,Kakabeka Falls,Ontario,P0T1W0,
Cornwall,L0047,2017,Southern Ontario Library Service,Public or Union Library,Second Street East  P.O. Box 939 ,45 Second Street East ,Cornwall,Ontario,K6H1Y2,www.library.cornwall.on.ca
Cramahe Twp,L0119,2017,Southern Ontario Library Service,Public or Union Library,6 King Street Box 190 ,6 King St. ,Colborne,Ontario,K0K1S0,www.cramahelibrary.ca 
Curve Lake FN,L0402,2017,Southern Ontario Library Service,First Nations Library,65 Chemong Street S. ,65 Chemong Street S. ,"Curve Lake,ON",Ontario,K0L1R0,http://clfnpubliclibrary.webs.com
Dawson LSB,L0483,2017,Ontario Library Service - North,Contracting LSB,P.O. Box 275 ,45 Front street ,Meldrum Bay,Ontario,P0P1R0,
Dawson Twp,L0130,2017,Ontario Library Service - North,Contracting Municipality,211 Fourth St P.O. Box 427 ,211 Fourth Street ,Rainy River,Ontario,P0W1L0,dawsontownship.weebly.com
Deep River,L0051,2017,Ontario Library Service - North,Public or Union Library,P.O. Box 278 ,55 Ridge Road ,Deep River,Ontario,K0J1P0,www.deepriverlibrary.ca
Delaware FN,L0431,2017,Southern Ontario Library Service,First Nations Library,R.R. #3 ,Center Rd. ,Thamesville,Ontario,N0P2K0,
Deseronto,L0323,2017,Southern Ontario Library Service,Public or Union Library,P.O. Box 302 ,358 Main Street   P.O. Box 302 ,Deseronto,Ontario,K0K1X0,www.deserontopubliclibrary.ca
Dokis FN,L0403,2017,Ontario Library Service - North,First Nations Library,930 Main Street Box 3 ,930 Main Street Box 3 ,Dokis First Nation,Ontario,P0M2N1,www.dokisfirstnation.com
Dorion Twp,L0050,2017,Ontario Library Service - North,Public or Union Library,170 Dorion Loop Road ,,Dorion,Ontario,P0T1K0,www.dorionpubliclibrary.ca
Douro-Dummer Twp,L0136,2017,Southern Ontario Library Service,Public or Union Library,435 Douro 4th Line P.O. Box 23 ,435 4th Line Douro ,Douro,Ontario,K0L1S0,http://www.dourodummer.on.ca/library/
Dryden,L0138,2017,Ontario Library Service - North,Public or Union Library,36 Van Horne Avenue ,,Dryden,Ontario,P8N2A7,www.dryden.ca
Dubreuilville Twp,L0427,2017,Ontario Library Service - North,Public or Union Library,C.P. 39 ,120 rue Magpie ,Dubreuilville,Ontario,P0S1B0,www.dubreuilville.ca
Ear Falls Twp,L0144,2017,Ontario Library Service - North,Public or Union Library,Willow P.O. Box 369 ,2 Willow Crescent ,Ear Falls,Ontario,P0V1T0,www.olsn.ca/earfallspl
East Ferris,L0145,2017,Ontario Library Service - North,Public or Union Library,1257 Village Road PO Box 160 ,1257 Village Road ,Astorville,Ontario,P0H1B0,www.efpl.ca
East Garafraxa Twp,L0146,2017,Southern Ontario Library Service,Contracting Municipality,191282 13th Line ,4 Amaranth Street ,Grand Valley,Ontario,L0N1G0,www.eastgary.ca
East Gwillimbury,L0147,2017,Southern Ontario Library Service,Public or Union Library,19513 Yonge Street P.O. Box 1609   ,,Holland Landing,Ontario,L9N1P2,www.egpl.ca
East Hawkesbury Twp,L0028,2017,Southern Ontario Library Service,Contracting Municipality,C.P. 340 ,5151 County Road No. 14 ,St. Eugene,Ontario,K0B1P0,easthawkesbury.ca
Edwardsburgh/Cardinal Twp,L0467,2017,Southern Ontario Library Service,Public or Union Library,5 Henderson St. Box 130 ,5 Henderson Street ,Spencerville,Ontario,K0E1X0,www.edcarlibrary.ca
Elgin County,L0151,2017,Southern Ontario Library Service,"County, County co-operative or Regional Municipality Library",450 Sunset Drive ,450 Sunset Drive ,St. Thomas,Ontario,N5R5V1,www.elgincounty.ca/library
Elizabethtown - Kitley,L0469,2017,Southern Ontario Library Service,Public or Union Library,R.R. #2 ,6544 New Dublin Road ,Addison,Ontario,K0E1A0,
Elliot Lake,L0152,2017,Ontario Library Service - North,Public or Union Library,4-40 Hillside Drive South ,4-40 Hillside Drive South ,Elliot Lake,Ontario,P5A1M7,http://www.elliotlakelibrary.com/en/
Emo Twp,L0098,2017,Ontario Library Service - North,Public or Union Library,P.O. Box 490 ,JESSIE STREET ,Emo,Ontario,P0W1E0,www.emo.ca/library
Englehart,L0054,2017,Ontario Library Service - North,Public or Union Library,P.O. Box 809 ,71 Fourth Avenue ,Englehart,Ontario,P0J1H0,http://www.englehartpubliclibrary.ca
Espanola,L0052,2017,Ontario Library Service - North,Public or Union Library,245 Avery Drive ,,Espanola,Ontario,P5E1S4,www.espanola.library.on.ca
Essa,L0387,2017,Southern Ontario Library Service,Public or Union Library,8505 County Road 10 Unit #1 ,,Angus,Ontario,L0M1B1,http://www.essa.library.on.ca
Essex County,L0153,2017,Southern Ontario Library Service,"County, County co-operative or Regional Municipality Library",360 Fairview Avenue West Suite 101 ,,Essex,Ontario,N8M1Y3,www.essexcountylibrary.ca
Evanturel Twp,L0150,2017,Ontario Library Service - North,Contracting Municipality,P.O. Box 209 ,245453 Highway 569 ,Englehart,Ontario,P0J1H0,www.evanturel.com
Faraday Twp,L0155,2017,Southern Ontario Library Service,Contracting Municipality,29860 Hwy 28 South  R. R. # 3 ,,Bancroft,Ontario,K0L1C0,www.faraday.ca
Fauquier-Strickland Twp,L0055,2017,Ontario Library Service - North,Public or Union Library,Centre Communautaire C.P. 100 ,25 chemin Grzela ,Fauquier,Ontario,P0L1G0,bibliofauquier.weebly.com
Fort Erie,L0156,2017,Southern Ontario Library Service,Public or Union Library,136 Gilmore Road ,,Fort Erie,Ontario,L2A2M1,www.forterie.library.on.ca
Fort Frances,L0157,2017,Ontario Library Service - North,Public or Union Library,601 Reid Avenue ,601 Reid Avenue ,Fort Frances,Ontario,P9A0A2,http://ffpltc.ca/
French River,L0325,2017,Ontario Library Service - North,Public or Union Library,PO Box 130 ,15 Dollard Street ,Noelville,Ontario,P0M2N0,http://www.olsn.ca/frenchriverpl/index.html
Front of Yonge Twp,L0448,2017,Southern Ontario Library Service,Public or Union Library,P.O. Box  250 ,76 County Road 5 S. ,Mallorytown,Ontario,K0E1R0,www.frontofyonge.com/library
Gananoque,L0160,2017,Southern Ontario Library Service,Public or Union Library,100 Park Street ,100 Park Street ,Gananoque,Ontario,K7G2Y5,http://www.gananoquelibrary.ca/
Garden River FN,L0404,2017,Ontario Library Service - North,First Nations Library,48 Syrette Lake Road ,,Garden River,Ontario,P6A5K9,www.gardenriver.ca
Georgian Bay Twp,L0162,2017,Southern Ontario Library Service,Public or Union Library,2587 Honey Harbour Road P.O. Box 220 ,2587 Honey Harbour Road P.O. Box 220 ,Honey Harbour,Ontario,P0E1E0,http://www.gbpl.ca
Georgina,L0072,2017,Southern Ontario Library Service,Public or Union Library,90 Wexford Drive ,,Keswick,Ontario,L4P3P7,www.georginalibrary.ca
Gillies Twp,L0164,2017,Ontario Library Service - North,Contracting Municipality,1092 Hwy. #595 R.R. #1 ,,"Kakabeka Falls,   ON",Ontario,P0T1W0,www.gilliestownship.ca
Gogama LSB,L0465,2017,Ontario Library Service - North,LSB Library,P.O. Box  190 ,15 Low Avenue ,Gogama,Ontario,P0M1W0,glsb10@ontera.net
Gore Bay Union,L0302,2017,Ontario Library Service - North,Public or Union Library,P.O. Box 225 ,15 Water Street ,Gore Bay,Ontario,P0P1H0,olsn.ca/gorebay/index.html
Goulais & District LSB,L0484,2017,Ontario Library Service - North,Contracting LSB,50 Goulais Bay Road ,50 Goulais Bay Road ,Goulais River,Ontario,P0S1E0,GoulaisLSB@hotmail.ca
Grand Valley Library Board,L0073,2017,Southern Ontario Library Service,Public or Union Library,4 Amaranth St. E. ,4 Amaranth Street East ,Grand Valley,Ontario,L9W5L2,www.grandvalley.org
Gravenhurst Public Library,L0168,2017,Southern Ontario Library Service,Public or Union Library,180 Sharpe Street West ,180 Sharpe Street West ,Gravenhurst,Ontario,P1P1J1,www.gravenhurstlibrary.ca
Greater Madawaska Twp,L0478,2017,Southern Ontario Library Service,Public or Union Library,4984 Calabogie Road P.O. Box 160 ,,Calabogie,Ontario,K0J1H0,http://www.townshipofgreatermadawaska.com/library.htm
Greater Sudbury,L0470,2017,Ontario Library Service - North,Public or Union Library,74 MacKenzie Street ,74 MacKenzie Street ,Greater Sudbury,Ontario,P3C4X8,www.sudburylibraries.ca
Greenstone,L0471,2017,Ontario Library Service - North,Public or Union Library,Second Street West P.O. Box 40 ,405 2nd Street West ,Geraldton,Ontario,P0T1M0,www.olsn.ca/greenstone
Grey Highlands,L0472,2017,Southern Ontario Library Service,Public or Union Library,P.O. Box 280 ,101 Highland Drive ,Flesherton,Ontario,N0C1E0,www.greyhighlandspubliclibrary.com
Grimsby,L0169,2017,Southern Ontario Library Service,Public or Union Library,18 Carnegie Lane ,18 Carnegie Lane ,Grimsby,Ontario,L3M1Y1,http://grimsby.ca/library
Guelph,L0389,2017,Southern Ontario Library Service,Public or Union Library,100 Norfolk Street ,100 Norfolk Street ,Guelph,Ontario,N1H4J6,http://www.guelphpl.ca
Haldimand County,L0473,2017,Southern Ontario Library Service,Public or Union Library,Box 187 ,111 Broad St. East ,Dunnville,Ontario,N1A2X5,http://library.haldimandcounty.on.ca
Haliburton County,L0171,2017,Southern Ontario Library Service,"County, County co-operative or Regional Municipality Library",P.O. Box 119 ,78 Maple Ave. ,Haliburton,Ontario,K0M1S0,www.haliburtonlibrary.ca
Hallebourg LSB,L0172,2017,Ontario Library Service - North,Contracting LSB,General Delivery ,General Delivery ,Hallebourg,Ontario,P0L1L0,lsbhallebourg@hotmail.com
Halton Hills,L0326,2017,Southern Ontario Library Service,Public or Union Library,9 Church Street ,9 Church Street ,Georgetown,Ontario,L7G2A3,http://www.hhpl.on.ca/
Hamilton,L0474,2017,Southern Ontario Library Service,Public or Union Library,LCD 1 P.O. Box 2700 ,55 York Blvd. ,Hamilton,Ontario,L8N4E4,www.hpl.ca
Hamilton Twp,L0173,2017,Southern Ontario Library Service,Contracting Municipality,P.O. Box 1060 ,8285 Majestic Hills Drive RR #4 ,Cobourg,Ontario,K9A4W5,www.hamiltontownship.ca
Hanover,L0174,2017,Southern Ontario Library Service,Public or Union Library,451 10th Avenue ,451 10th Avenue ,Hanover,Ontario,N4N2P1,www.hanoverlibrary.ca
Harley Twp,L0175,2017,Ontario Library Service - North,Contracting Municipality,903303 Hanbury Road R.R. #2 ,903303 Hanbury Rd ,New Liskeard,Ontario,P0J1P0,harlytwp@parolink.net
Hastings Highlands Twp,L0475,2017,Southern Ontario Library Service,Public or Union Library,P.O. Box 70 ,33011 Hwy. #62 North ,Maynooth,Ontario,K0L2S0,www.hastingshighlandspubliclibrary.ca
Havelock-Belmont-Methuen Twp,L0058,2017,Southern Ontario Library Service,Public or Union Library,PO  Box 10 ,13 Quebec Street ,Havelock,Ontario,K0L1Z0,www.hbmlibrary.on.ca
Hawk Junction LSB,L0177,2017,Ontario Library Service - North,Contracting LSB,P.O. Box 62 ,96 Cedar Street ,Hawk Junction,Ontario,P0S1G0,
Hawkesbury,L0059,2017,Southern Ontario Library Service,Public or Union Library,550 rue Higginson ,,Hawkesbury,Ontario,K6A1H1,www.bibliotheque.hawkesbury.on.ca
"Head, Clara & Maria",L0179,2017,Southern Ontario Library Service,Public or Union Library,15 Township Hall Road ,15 Township Hall Road ,Stonecliffe,Ontario,K0J2K0,http://hcmpubliclibrary.ca/
Hearst Twp,L0180,2017,Ontario Library Service - North,Public or Union Library,P.O. Bag 15000 ,801 George Street ,Hearst,Ontario,P0L1N0,www.bibliohearst.on.ca
Henvey Inlet FN,L0460,2017,Ontario Library Service - North,First Nations Library,368 Pickerel River Road ,,Pickerel,Ontario,P0G1J0,maheengun12@hotmail.com
Hilton Union,L0183,2017,Ontario Library Service - North,Public or Union Library,3085 Marks Street Box 85 ,3085 Marks Street ,Hilton Beach,Ontario,P0R1G0,http://hiltonunion.library.on.ca
Hornepayne Twp,L0184,2017,Ontario Library Service - North,Public or Union Library,Front Street  P.O. Box 539 ,68 Front Street ,Hornepayne,Ontario,P0M1Z0,http://www.olsn.ca/hornepayne/
Hudson Twp,L0186,2017,Ontario Library Service - North,Contracting Municipality,903303 Hanbury Road R.R. #2 ,903303 Hanbury Rd ,New Liskeard,Ontario,P0J1P0,harlytwp@parolink.net
Huntsville,L0185,2017,Southern Ontario Library Service,Public or Union Library,7 Minerva Street East ,7 Minerva Street East ,Huntsville,Ontario,P1H1W4,www.huntsvillelibrary.ca
Hurkett LSB,L0187,2017,Ontario Library Service - North,Contracting LSB,R.R. #1 ,,Hurkett,Ontario,P0T1K0,
Huron County,L0188,2017,Southern Ontario Library Service,"County, County co-operative or Regional Municipality Library",77722B London Road R.R. #5 ,,Clinton,Ontario,N0M1L0,www.huroncounty.ca/library
Huron Shores,L0189,2017,Ontario Library Service - North,Public or Union Library,10 Main Street P.O. Box 339 ,10 Main Street ,Iron Bridge,Ontario,P0R1H0,http://www.olsn.ca/huronshores  
Ignace,L0327,2017,Ontario Library Service - North,Public or Union Library,P.O. Box 480 ,36 Main Street ,Ignace,Ontario,P0T1T0,http://www.olsn.ca/ignace/
Innisfil,L0277,2017,Southern Ontario Library Service,Public or Union Library,967 Innisfil Beach Road ,967 Innisfil Beach Road ,Innisfil,Ontario,L9S1V3,www.innisfilidealab.ca
Iroquois Falls,L0278,2017,Ontario Library Service - North,Public or Union Library,P.O. Box 860 ,725 Synagogue Avenue ,Iroquois Falls,Ontario,P0K1G0,www.olsn.on.ca/iroquoisfallsp/
Iskatewizaagegan No. 39 FN,L0438,2017,Ontario Library Service - North,First Nations Library,Indian Bay road P.O. Box 5 ,Indian Bay road P.O. Box 5 ,Shoal Lake,Ontario,P0X1E0,www.shoallake39.com
James Twp,L0280,2017,Ontario Library Service - North,Public or Union Library,19 First Street P.O. Box 218 ,"19 First street, Elk Lake ",Elk Lake,Ontario,P0J1G0,www.olsn.ca/jamestwp
Jocelyn Twp,L0444,2017,Ontario Library Service - North,Contracting Municipality,3670 5th Side Road R .R. #1 ,3670 5th Side Road R .R. #1 ,Hilton Beach,Ontario,P0R1G0,NA
Jogues LSB,L0281,2017,Ontario Library Service - North,Contracting LSB,3B Rue de l'?glise ,3B Rue de l'?glise ,Jogues,Ontario,P0L1R0,n/a
Johnson Twp,L0388,2017,Ontario Library Service - North,Contracting Municipality,P.O. Box 160 ,1 Johnson Drive ,Desbarats,Ontario,P0R1E0,www.johnsontwp.ca
Joly Twp,L0282,2017,Ontario Library Service - North,Contracting Municipality,P.O. Box 519 ,871 Forest Lake Road ,Sundridge,Ontario,P0A1Z0,
Kapuskasing,L0122,2017,Ontario Library Service - North,Public or Union Library,24 Mundy Avenue ,Mundy Avenue ,Kapuskasing,Ontario,P5N1P9,www.kapuskasinglibrary.ca
"Kawartha Lakes, City of",L0476,2017,Southern Ontario Library Service,Public or Union Library,190 Kent Street West 9000 ,190 Kent Street West ,Lindsay,Ontario,K9V2Y6,www.kawarthalakeslibrary.ca
Kearney & Area,L0123,2017,Ontario Library Service - North,Public or Union Library,P.O. Box 220 ,8 Main Street ,Kearney,Ontario,P0A1M0,www.olsn.ca/kearney
Kenora City,L0485,2017,Ontario Library Service - North,Public or Union Library,24 Main Street South ,,Kenora,Ontario,P9N1S7,www.kenorapubliclibrary.org
Kerns Twp,L0124,2017,Ontario Library Service - North,Contracting Municipality,903303 Hanbury  Road R.R. #2 ,903303 Hanbury Rd ,New Liskeard,Ontario,P0J1P0,harlytwp@parolink.net
"Killaloe, Hagarty & Richards Twp",L0385,2017,Southern Ontario Library Service,Public or Union Library,1 John Street Box 100 ,1 John Street Box 100 ,Killaloe,Ontario,K0J2A0,www.killaloelibrary.ca
Killarney,L1097,2017,Ontario Library Service - North,Contracting Municipality,32 Commissioner Street ,32 Commissioner Street ,Killarney,Ontario,P0M2A0,http://www.municipality.killarney.on.ca
King Twp,L0125,2017,Southern Ontario Library Service,Public or Union Library,1970 King Road P.O. Box 399 ,1970 King Road ,King City,Ontario,L7B1A6,www.kinglibrary.ca
Kingston-Frontenac County,L0213,2017,Southern Ontario Library Service,Public or Union Library,130 Johnson Street ,,Kingston,Ontario,K7L1X8,www.kfpl.ca
Kirkland Lake,L0126,2017,Ontario Library Service - North,Public or Union Library,10 Kirkland Street East ,,Kirkland Lake,Ontario,P2N1P1,www.olsn.ca/kirklandlakepl
Kitchener,L0127,2017,Southern Ontario Library Service,Public or Union Library,85 Queen Street North ,,Kitchener,Ontario,N2H2H1,www.kpl.org
La Nation,L0091,2017,Southern Ontario Library Service,Public or Union Library,4531 Ste. Catherine Street ,4531 Ste. Catherine Street ,St-Isidore,Ontario,K0C2B0,www.nationmunbiblio.ca
La Vallee Twp,L0235,2017,Ontario Library Service - North,Contracting Municipality,P.O. Box 99 ,56 Church Road ,Devlin,Ontario,P0W1C0,lavalley@nwonet.net
Lac Ste. Therese LSB,L0236,2017,Ontario Library Service - North,Contracting LSB,C.P. 785 ,,Hearst,Ontario,P0L1N0,
Laird Twp,L0237,2017,Ontario Library Service - North,Contracting Municipality,R.R. #4 ,3 Pumpkin Point Rd. West ,Echo Bay,Ontario,P0S1C0,lairdtownship.ca
Lake of Bays Twp,L0238,2017,Southern Ontario Library Service,Public or Union Library,1014 Dwight Beach Rd ,1014 Dwight Beach Rd ,Dwight,Ontario,P0A1H0,www.lakeofbayslibrary.ca
Lake of The Woods Twp,L0133,2017,Ontario Library Service - North,Contracting Municipality,P.O. Box 427 ,211 4th Street ,Rainy River,Ontario,P0W1L0,www.lakeofthewoods.ca
Lambton County,L0239,2017,Southern Ontario Library Service,"County, County co-operative or Regional Municipality Library",787 Broadway Street P.O. Box 3100 ,787 Broadway Street P.O. Box 3100 ,Wyoming,Ontario,N0N1T0,www.lclibrary.ca
Lanark Highlands,L0330,2017,Southern Ontario Library Service,Public or Union Library,P.O. Box 249 ,75 George Street ,Lanark,Ontario,K0G1K0,www.lanarklibrary.ca
Lappe Local Services Board,L1099,2017,Ontario Library Service - North,Contracting LSB,2032A Kam Current Road ,2032A Kam Current Road ,Gorham,Ontario,P7G0K5,https://www.lappe.ca/
Larder Lake Public Library,L0240,2017,Ontario Library Service - North,Public or Union Library,P.O. Box 189 ,69 Fourth Avenue ,Larder Lake,Ontario,P0K1L0,www.larderlakepubliclibrary.ca
Laurentian Hills,L0384,2017,Southern Ontario Library Service,Public or Union Library,34465 Highway 17 RR 1 ,,Deep River,Ontario,K0J1P0,library.laurentianhills.ca
Laurentian Valley Twp,L0383,2017,Southern Ontario Library Service,Contracting Municipality,460 Witt Road ,237 Victoria ,Pembroke,Ontario,K8A4K5,www.laurentianvalleytwsp.on.ca
Leeds and the Thousand Islands Twp,L0477,2017,Southern Ontario Library Service,Public or Union Library,Box  219 ,1 - B  Jessie St. ,Lansdowne,Ontario,K0E1L0,www.ltipl.net
Lennox and Addington County,L0243,2017,Southern Ontario Library Service,"County, County co-operative or Regional Municipality Library",97 Thomas Street East ,97 Thomas Street East ,Napanee,Ontario,K7R4B9,www.countylibrary.ca
Lincoln,L0433,2017,Southern Ontario Library Service,Public or Union Library,5020 Serena Drive PO Box 460 ,5020 Serena Drive ,Beamsville,Ontario,L0R1B0,www.lincoln.library.on.ca
Local Services Board of Rainbow Country,L0286,2017,Ontario Library Service - North,Contracting LSB,Box 144 ,245 Avery ,Espanola,Ontario,P3E1S5,rainbowctry@hotmail.com
London,L0245,2017,Southern Ontario Library Service,Public or Union Library,251 Dundas St. ,,London,Ontario,N6A6H9,http://www.londonpubliclibrary.ca
"Loring, Port Loring and District Local Services Board",L0497,2017,Ontario Library Service - North,LSB Library,11767 Hwy 522 P.O. Box 82 ,11767 Hwy 522 P.O. Box 82 ,Port Loring,Ontario,P0H1Y0,http://www.olsn.ca/argylecommunitylibrary
M'Chigeeng FN,L0406,2017,Ontario Library Service - North,First Nations Library,Lakeview Drive P.O. Box 296 ,18 Lakeview Drive ,M'Chigeeng First Nation,Ontario,P0P1G0,www.olsn.ca/proofs/mchigeeng
"MacDonald, Meredith & Aberdeen Add'l Twp",L0190,2017,Ontario Library Service - North,Contracting Municipality,208 Church Street P.O. Box 10  ,,Echo Bay,Ontario,P0S1C0,www.echobay.ca
Madawaska Valley Twp,L0496,2017,Southern Ontario Library Service,Public or Union Library,19474 Opeongo Line P.O. Box 970 ,19474 Opeongo Line ,Barry's Bay,Ontario,K0J1B0,www.madawaskavalleylibrary.ca
Madoc Twp,L0193,2017,Southern Ontario Library Service,Contracting Municipality,P.O. Box 503 ,15651 Highway 62 ,Madoc,Ontario,K0K2K0,www.madoc.ca
Magnetawan FN,L0407,2017,Ontario Library Service - North,First Nations Library,10 Hwy 529 Comp 15 R.R. #1     ,10 Hwy 529 Comp 15 R.R. #1     ,Britt,Ontario,P0G1A0,library@magnetawanfirstnation.com
Magnetawan Twp,L0194,2017,Ontario Library Service - North,Public or Union Library,P.O. Box 130 ,4304 N. Sparks St ,Magnetawan,Ontario,P0A1P0,www.magnetawanlibrary.ca
Manitouwadge,L0195,2017,Ontario Library Service - North,Public or Union Library,2 Manitou Rd Community Centre ,2 Manitou Rd ,Manitouwadge,Ontario,P0T2C0,www.olsn.ca/manitouwadge
Marathon,L0196,2017,Ontario Library Service - North,Public or Union Library,22 Peninsula Road P.O. Box 400 ,22 Peninsula Road ,Marathon,Ontario,P0T2E0,http://www.olsn.c/marathon
Markham,L0099,2017,Southern Ontario Library Service,Public or Union Library,6031 Highway 7 ,,Markham,Ontario,L3P3A7,http://www.markhampubliclibrary.ca
Markstay-Warren,L0447,2017,Ontario Library Service - North,Public or Union Library,P.O. Box 50 ,7 Pioneer St. East ,Markstay,Ontario,P0M2G0,www.olsn.ca/markstay-warrenpl
Marmora and Lake Twp,L0463,2017,Southern Ontario Library Service,Public or Union Library,P.O. Box 340 ,37 Forsyth Street ,Marmora,Ontario,K0K2M0,www.marmoralibrary.ca/
Mattagami FN,L0428,2017,Ontario Library Service - North,First Nations Library,P.O. Box 99 ,,Gogama,Ontario,P0M1W0,
Mattawa,L0134,2017,Ontario Library Service - North,Public or Union Library,P.O. Box 920 ,370 pine St. ,Mattawa,Ontario,P0H1V0,http://users.efni.com/~mplibrary/
Mattawan Twp,L0461,2017,Ontario Library Service - North,Contracting Municipality,P.O. Box 610 ,947 Highway 533 ,Mattawa,Ontario,P0H1V0,n/a
Mattice-Val Cote Twp,L0020,2017,Ontario Library Service - North,Public or Union Library,Route 11 S.P. 129 ,500 Route 11 ,Mattice,Ontario,P0L1T0,www.matticevalcote.ca
"McDougall, Municipality of",L1087,2017,Ontario Library Service - North,Contracting Municipality,5 Barager Blvd. RR #3 ,5 Barager Blvd. RR #3 ,Parry Sound,Ontario,P2A2W9,www.municipalityofmcdougall.com
McGarry Twp,L0199,2017,Ontario Library Service - North,Public or Union Library,70 Government Rd P.O. Box 250 ,70 Government Rd 250 ,Virginiatown,Ontario,P0K1X0,www.olsn.ca/mcgarry
McKellar Twp,L0200,2017,Ontario Library Service - North,Public or Union Library,P.O. Box 10 ,701 Highway 124 ,McKellar,Ontario,P0G1C0,www.mckellarpubliclibrary.on.ca
"McMurrich-Monteith, the Corporation of the Township of",L0201,2017,Ontario Library Service - North,Contracting Municipality,P.O. Box 70 ,31 William St ,Sprucedale,Ontario,P0A1Y0,www.mcmurrichmonteith.com
McNab-Braeside Twp,L1028,2017,Southern Ontario Library Service,Contracting Municipality,2508 Russett Drive R.R. 2 ,2508 Russett Drive R.R. 2 ,Arnprior,Ontario,K7S3G8,www.mcnabbraeside.com
Meaford,L0203,2017,Southern Ontario Library Service,Public or Union Library,15 Trowbridge Street West ,,Meaford,Ontario,N4L1V4,www.meafordlibrary.on.ca
Melancthon Twp,L0331,2017,Southern Ontario Library Service,Contracting Municipality,157101 Highway 10 ,157101 Highway No 10 ,Melancthon,Ontario,L9V2E6,www.melancthontownship.ca
Merrickville-Wolford,L0204,2017,Southern Ontario Library Service,Public or Union Library,446 Main St. W P.O. Box 460 ,446 Main St. W P.O. Box 460 ,Merrickville,Ontario,K0G1N0,www.merrickvillelibrary.ca
Michipicoten FN,L0464,2017,Ontario Library Service - North,First Nations Library,"107 Hiawatha Drive P.O. Box 1 RR#1, Site 8 ","107 Hiawatha Drive P.O. Box 1 RR#1, Site 8 ",Wawa,Ontario,P0S1K0,www.michipicoten.com
Middlesex County Library,L0205,2017,Southern Ontario Library Service,"County, County co-operative or Regional Municipality Library",399 Ridout Street North ,34-B Frank St. ,Strathroy,Ontario,N6A2P1,www.library.middlesex.ca
Midland,L0022,2017,Southern Ontario Library Service,Public or Union Library,320 King Street ,,Midland,Ontario,L4R3M6,www.midlandlibrary.com
Milton,L0434,2017,Southern Ontario Library Service,Public or Union Library,1010 Main Street East ,1010 Main Street East ,Milton,Ontario,L9T6H7,www.mpl.on.ca
Mississauga,L0206,2017,Southern Ontario Library Service,Public or Union Library,301 Burnhamthorpe Road West ,,Mississauga,Ontario,L5B3Y3,www.mississauga.ca/library
Mississauga FN,L0459,2017,Ontario Library Service - North,First Nations Library,P.O. Box 1299 ,148 Village Rd. ,Blind River,Ontario,P0R1B0,www.mississaugi.com
Mississaugas of Scugog Island FN,L0440,2017,Southern Ontario Library Service,First Nations Library,22600 Island Road ,22600 Island Road ,Port Perry ,Ontario,L9L1B6,http://www.scugogfirstnation.com/Page.asp?IdPage=6658&WebAddress=misfn
Mississippi Mills,L0210,2017,Southern Ontario Library Service,Public or Union Library,155 High St. P.O. Box 820 ,155 High Street ,Almonte,Ontario,K0A1A0,http://missmillslibrary.com/
Mohawks of Akwesasne FN,L0408,2017,Southern Ontario Library Service,First Nations Library,P.O. Box 579 ,"321 State Route 37, Akwesasne  N.Y. 13655 ",Cornwall,Ontario,K6H5T3,http://www.akwesasneculturalcenter.org
Mohawks of the Bay of Quinte FN,L0405,2017,Southern Ontario Library Service,First Nations Library,1658 York Road ,1658 York Road ,Tyendinaga Mohawk Territory,Ontario,K0K1X0,http://www.kanhiote.ca
Mono,L0029,2017,Southern Ontario Library Service,Contracting Municipality,347209 Mono Centre Road ,347209 Mono Centre Road ,Orangeville,Ontario,L9W6S3,http://www.townofmono.com
Montague Twp,L0208,2017,Southern Ontario Library Service,Contracting Municipality,P.O. Box 755 ,6547 Roger Stevens Drive ,Smiths Falls,Ontario,K7A4W6,www.township.montague.on.ca
Moonbeam Twp,L0211,2017,Ontario Library Service - North,Public or Union Library,C.P. 370 ,53 Avenue St-Aubin ,Moonbeam,Ontario,P0L1V0,http://www.biblio.moonbeam.ca/
Morley Twp,L0135,2017,Ontario Library Service - North,Contracting Municipality,P.O. Box 40 ,11331 Highway #11 ,Stratton,Ontario,P0W1N0,www.townshipofmorley.ca
Mulmur Twp,L0333,2017,Southern Ontario Library Service,Contracting Municipality,758070 2nd Line East ,758070 2nd Line East ,Mulmur,Ontario,L9V0G8,www.mulmurtownship.ca
Muskoka Lakes Twp,L0212,2017,Southern Ontario Library Service,Public or Union Library,P.O. Box 189 ,69 Joseph Street ,Port Carling,Ontario,P0B1J0,www.muskoka.com/library
Nairn & Hyman Twp,L0214,2017,Ontario Library Service - North,Contracting Municipality,64 McIntyre Street ,,Nairn Centre,Ontario,P0M2L0,www.nairncentre.ca
Naotkamegwanning FN,L0409,2017,Ontario Library Service - North,First Nations Library,General Delivery ,Northwest Angle Education Authority ,Naotkamegwanning,Ontario,P0X1L0,wbnaea@kmts.ca
"Neebing, Municipality of",L0442,2017,Ontario Library Service - North,Contracting Municipality,4766 Hwy 61 ,4766 Hwy 61 ,Neebing,Ontario,P7L0B5,www.neebing.org
New Credit FN,L0410,2017,Southern Ontario Library Service,First Nations Library,R.R. # 6 ,"Blue #2789, 1st line, Mississauga Road ",Hagersville,Ontario,N0A1H0,
New Tecumseth,L0207,2017,Southern Ontario Library Service,Public or Union Library,17 Victoria Street East P.O. Box 399 ,17 Victoria Street East P.O. Box 399 ,Alliston,Ontario,L9R1V6,www.ntpl.ca
Newmarket,L0019,2017,Southern Ontario Library Service,Public or Union Library,438 Park Avenue ,,Newmarket,Ontario,L3Y1W1,www.newmarketpl.ca
Niagara Falls,L0222,2017,Southern Ontario Library Service,Public or Union Library,4848 Victoria Avenue ,,Niagara Falls,Ontario,L2E4C5,www.nflibrary.ca
Niagara-on-the-Lake,L0223,2017,Southern Ontario Library Service,Public or Union Library,P.O. Box 430 ,10 Anderson Lane ,Niagara-on-the-Lake,Ontario,L0S1J0,www.notlpubliclibrary.org
Nipigon Twp,L0225,2017,Ontario Library Service - North,Public or Union Library,Box 728 ,52 Front Street ,Nipigon,Ontario,P0T2J0,http://nipigon.net/content/Nipigon_Public_Library/
Nipissing FN,L0412,2017,Ontario Library Service - North,First Nations Library,36 Semo Road ,24 Semo Road ,Garden Village,Ontario,P2B3K2,www.nfn.ca
Norfolk County,L0480,2017,Southern Ontario Library Service,Public or Union Library,46 Colborne St. South ,Colborne St. S. ,Simcoe,Ontario,N3Y4H3,www.ncpl.ca
North Bay,L0227,2017,Ontario Library Service - North,Public or Union Library,271 Worthington Street East ,,North Bay,Ontario,P1B1H1,www.city.north-bay.on.ca/library/
North Grenville Twp,L0228,2017,Southern Ontario Library Service,Public or Union Library,1 Water P.O. Box 538 ,1 Water Street ,Kemptville,Ontario,K0G1J0,www.ngpl.ca
North Kawartha Twp,L0382,2017,Southern Ontario Library Service,Public or Union Library,175 Burleigh Street Box 335 ,175 Burleigh St. ,Apsley,Ontario,K0L1A0,www.northkawarthalibrary.com
North Perth,L0231,2017,Southern Ontario Library Service,Public or Union Library,216 Winstanley ,216 Winstanley ,Monkton,Ontario,N0K1P0,www.northperth.library.on.ca
North Shore Twp,L0215,2017,Ontario Library Service - North,Contracting Municipality,P.O. Box 108 ,1385 Hwy. 17 ,Algoma Mills,Ontario,P0R1A0,www.townshipofthenorthshore.ca
Northeastern Manitoulin and the Islands,L0232,2017,Ontario Library Service - North,Public or Union Library,P.O. Box 790 ,50 Meredith Street West ,Little Current On,Ontario,P0P1K0,http://www.nemilib.vianet.ca/
O'Connor Twp,L0248,2017,Ontario Library Service - North,Contracting Municipality,R.R. #1 ,330 Hwy 595 ,Kakabeka Falls,Ontario,P0T1W0,www.oconnortownship.ca
Oakville,L0247,2017,Southern Ontario Library Service,Public or Union Library,120 Navy Street ,,Oakville,Ontario,L6J2Z4,www.opl.on.ca
Ojibways of Onigaming FN,L0413,2017,Ontario Library Service - North,First Nations Library,P.O. Box 509 ,"Mikinaak Rd, 212 Mikinaak Onigaming Sch. ",Nestor Falls,Ontario,P0X1K0,www.voyageur.ca/~ojibonig/
Oliver Paipoonge,L0165,2017,Ontario Library Service - North,Public or Union Library,P.O.Box 26 ,1 Baxendale Drive ,Murillo,Ontario,P0T2G0,www.olsn.ca/oplibrary
Opasatika,L0250,2017,Ontario Library Service - North,Public or Union Library,P.O. Box 100 ,6 St Antoine Street ,Opasatika,Ontario,P0L1Z0,https://sites.google.com/site/bibliothequeopasatika/
Orangeville,L0074,2017,Southern Ontario Library Service,Public or Union Library,1 Mill Street ,1 Mill Street ,Orangeville,Ontario,L9W2M2,www.orangeville.library.on.ca
Orillia,L0023,2017,Southern Ontario Library Service,Public or Union Library,36 Mississaga St W ,36 Mississaga St W ,Orillia,Ontario,L3V3A6,http://www.orilliapubliclibrary.ca
Oro-Medonte Twp,L0252,2017,Southern Ontario Library Service,Contracting Municipality,148 Line 7 South ,148 Line 7 South ,Oro-Medonte,Ontario,L0L2E0,www.oro-medonte.ca
Oshawa,L0253,2017,Southern Ontario Library Service,Public or Union Library,65 Bagot Street ,,Oshawa,Ontario,L1H1N2,www.oshawalibrary.on.ca
Otonabee-South Monaghan Twp,L0255,2017,Southern Ontario Library Service,Public or Union Library,P.O. Box 9 ,3252 County Road 2 ,Keene,Ontario,K0L2G0,www.otosoumon.library.on.ca
Ottawa,L0481,2017,Southern Ontario Library Service,Public or Union Library,120 Metcalfe Street ,,Ottawa,Ontario,K1P5M2,www. biblioottawalibrary.ca
Owen Sound & North Grey Union,L0256,2017,Southern Ontario Library Service,Public or Union Library,824 First Avenue West ,,Owen Sound,Ontario,N4K4K4,www.owensound.library.on.ca
Oxford County,L0257,2017,Southern Ontario Library Service,"County, County co-operative or Regional Municipality Library",21 Reeve St. P.O. Box 1614 ,21 Reeve St. P.O. Box 1614 ,Woodstock,Ontario,N4S7Y3,http://www.ocl.net
Papineau-Cameron Twp,L0260,2017,Ontario Library Service - North,Contracting Municipality,4861 Hwy 17 P.O. Box 630 ,4861 Hwy 17 P.O. Box 630 ,Mattawa,Ontario,P0H1V0,papineaucameron.ca
Parry Sound,L0095,2017,Ontario Library Service - North,Public or Union Library,29 Mary Street ,29 Mary Street ,Parry Sound,Ontario,P2A1E3,www.parrysoundlibrary.ca
Pelham,L0262,2017,Southern Ontario Library Service,Public or Union Library,P.O. Box 830 ,43 Pelham Town Square ,Fonthill,Ontario,L0S1E0,www.pelhamlibrary.on.ca
Pembroke,L0071,2017,Southern Ontario Library Service,Public or Union Library,237 Victoria Street ,,Pembroke,Ontario,K8A4K5,www.pembrokelibrary.ca
Penetanguishene,L0263,2017,Southern Ontario Library Service,Public or Union Library,24 Simcoe Street ,24 Simcoe Street ,Penetanguishene,Ontario,L9M1R6,www.penetanguishene.library.on.ca
Perry Twp,L0202,2017,Ontario Library Service - North,Public or Union Library,25 Joseph P.O. Box 39 ,25 Joseph St ,Emsdale,Ontario,P0A1J0,www.olsn.ca/perrylibrary
Perth and District Union,L0264,2017,Southern Ontario Library Service,Public or Union Library,30 Herriott Street ,,Perth,Ontario,K7H1T2,www.perthunionlibrary.ca
Perth East,L0265,2017,Southern Ontario Library Service,Public or Union Library,19 Mill Street East 190 ,19 Mill Street East ,Milverton,Ontario,N0K1M0,www.pertheast.library.on.ca
Perth South Twp,L0266,2017,Southern Ontario Library Service,Contracting Municipality,3191 Road 122 ,,St. Pauls,Ontario,N0K1V0,www.perthsouth.ca
Petawawa,L0267,2017,Southern Ontario Library Service,Public or Union Library,16 Civic Centre Road ,16 Civic Centre Road ,Petawawa,Ontario,K8H3H5,www.petawawapubliclibrary.ca
Peterborough,L0268,2017,Southern Ontario Library Service,Public or Union Library,345 Aylmer Street North ,,Peterborough,Ontario,K9H3V7,www.peterborough.library.on.ca
Phelps,L0261,2017,Ontario Library Service - North,LSB Library,41 Old Mill Road ,41 Old Mill Road ,Redbridge,Ontario,P0H2A0,http://phelpstownship.ca/Library/Phelps%20Public%20Library%20Redbridge.htm
Pickering,L0340,2017,Southern Ontario Library Service,Public or Union Library,P.O. Box 368 ,One The Esplanade ,Pickering,Ontario,L1V6K7,www.picnet.org
Port Colborne,L0024,2017,Southern Ontario Library Service,Public or Union Library,310 King Street ,,Port Colborne,Ontario,L3K4H1,www.portcolbornelibrary.org
Port Hope,L0499,2017,Southern Ontario Library Service,Public or Union Library,31 Queen Street ,,Port Hope,Ontario,L1A2Y8,www.phpl.ca
Powassan & District Union Public Library,L0273,2017,Ontario Library Service - North,Public or Union Library,324 Clark Street P.O. Box 160 ,324 Clark Street ,Powassan,Ontario,P0H1Z0,www.powassanlibrary.com
Prescott,L0274,2017,Southern Ontario Library Service,Public or Union Library,360 Dibble Street West P.O. Box 430 ,360 Dibble Street West ,Prescott,Ontario,K0E1T0,http://www.prescott.ca/library
Prince Edward County,L0276,2017,Southern Ontario Library Service,Public or Union Library,208 Main Street ,,Picton,Ontario,K0K2T0,www.peclibrary.org
Prince Twp Public Library,L0275,2017,Ontario Library Service - North,Public or Union Library,3042 Second Line West RR6 ,3042 Second Line West RR6 ,Prince Township,Ontario,P6A6K4,www.olsn.ca/princetownship
Quinte West,L0285,2017,Southern Ontario Library Service,Public or Union Library,7 Creswell Drive ,7 Creswell Drive ,Trenton,Ontario,K8V6X5,www.library.quintewest.ca
Rainy River,L0131,2017,Ontario Library Service - North,Public or Union Library,Box 308 ,334 4th Street ,Rainy River,Ontario,P0W1L0,www.rainyriverlibrary.com
Rainy River FN,L0446,2017,Ontario Library Service - North,First Nations Library,Box 450 ,,Emo,Ontario,P0W1E0,
Ramara Twp,L0287,2017,Southern Ontario Library Service,Public or Union Library,5482 Highway 12 South P.O. Box 158 ,5482 Highway #12 South ,Ramara,Ontario,L3V0S2,www.ramarapubliclibrary.org
Red Lake,L0290,2017,Ontario Library Service - North,Public or Union Library,12 Fifth St. P.O. Box 280 ,12 Fifth Street ,Balmertown,Ontario,P0V1C0,http://www.olsn.ca/redlake
Red Rock Twp,L0291,2017,Ontario Library Service - North,Public or Union Library,P.O. Box 285 ,42 Salls Street ,Red Rock,Ontario,P0T2P0,www.olsn.ca/redrock
Renfrew,L0292,2017,Southern Ontario Library Service,Public or Union Library,13 Railway Avenue ,13 Railway Avenue ,Renfrew,Ontario,K7V3A9,http://www.renfrew.ca/library-welcome.cfm
Restoule LSB,L0293,2017,Ontario Library Service - North,Contracting LSB,General Delivery ,General Delivery ,Restoule,Ontario,P0H2R0,http://computerfella.wordpress.com/
Richmond Hill,L0294,2017,Southern Ontario Library Service,Public or Union Library,1 Atkinson Street ,1 Atkinson Street ,Richmond Hill,Ontario,L4C0H5,www.rhpl.richmondhill.on.ca
Rideau Lakes Public Library,L0498,2017,Southern Ontario Library Service,Public or Union Library,Box 189 ,24 Halladay Street ,Elgin,Ontario,K0G1E0,www.rideaulakeslibrary.ca
Robinson  LSB,L0297,2017,Ontario Library Service - North,Contracting LSB,20563 Hwy 540 ,20563 Hwy 540 ,Silver Water,Ontario,P0P1Y0,LSB has no website
Rossport LSB,L0299,2017,Ontario Library Service - North,Contracting LSB,P.O. Box 62 ,,Rossport,Ontario,P0T2R0,
Russell,L0300,2017,Southern Ontario Library Service,Public or Union Library,1053 Concession 280 ,1053 Concession 280 ,Russell,Ontario,K4R1E1,www.russellbiblio.com
Sables-Spanish Rivers Twp,L0303,2017,Ontario Library Service - North,Public or Union Library,185 Grove P.O. Box 40 ,185 Grove Street ,Massey,Ontario,P0P1P0,Http://www.masseylibrary.com
Sachigo Lake FN,L1084,2017,Ontario Library Service - North,First Nations Library,General Delivery ,,Sachigo Lake,Ontario,P0V2P0,
Sagamok Anishnawbek FN,L0432,2017,Ontario Library Service - North,First Nations Library,Box 610 ,,Massey,Ontario,P0P1P0,
Saugeen FN,L0415,2017,Southern Ontario Library Service,First Nations Library,"GMB # 3, Site #3 ",812 French Bay Road ,Southampton,Ontario,N0H2L0,
Sault Ste. Marie,L0191,2017,Ontario Library Service - North,Public or Union Library,50 East Street ,,Sault Ste. Marie,Ontario,P6A3C3,www.ssmpl.ca
Schreiber Twp,L0301,2017,Ontario Library Service - North,Public or Union Library,P.O. Box 39 ,314  Scotia Street ,Schreiber,Ontario,P0T2S0,www.schreiberlibrary.ca
Scugog Memorial,L0304,2017,Southern Ontario Library Service,Public or Union Library,P.O. Box 1049 ,231 Water Street ,Port Perry,Ontario,L9L1A8,www.scugoglibrary.ca
Seguin Twp,L0321,2017,Ontario Library Service - North,Public or Union Library,15 Humphrey Street ,15 Humphrey Street ,Seguin,Ontario,P2A2W8,www.seguinpubliclibraries.ca
Seine River FN,L0416,2017,Ontario Library Service - North,First Nations Library,P.O. Box 129 ,Learning Centre Road ,Seine River FN,Ontario,P0W1H0,
Selwyn,L0309,2017,Southern Ontario Library Service,Public or Union Library,P.O. Box 500 ,836 Charles Street ,Bridgenorth,Ontario,K0L1H0,www.MyPublicLibrary.ca
Serpent River FN,L0417,2017,Ontario Library Service - North,First Nations Library,49 Village Road  P.O. Box 16 ,,Cutler,Ontario,P0P1B0,www.serpentriverfn.ca
Severn Township Library,L0258,2017,Southern Ontario Library Service,Public or Union Library,31 Coldwater Rd. Box 278 ,31 Coldwater Road ,Coldwater,Ontario,L0K1E0,http:// www.coldwater.library.on.ca/
Shawanaga FN,L0418,2017,Ontario Library Service - North,First Nations Library,2 Church St. R.R. #1 ,2 Church St. ,Nobel,Ontario,P0G1G0,www
Shelburne,L0075,2017,Southern Ontario Library Service,Public or Union Library,201 Owen Sound St. ,201 Owen Sound St. ,Shelburne,Ontario,L9V3L2,www.shelburnelibrary.ca
Sheshegwaning FN,L0419,2017,Ontario Library Service - North,First Nations Library,1125 Sheshegwaning Road ,1125 Sheshegwaning Road ,Sheshegwaning,Ontario,P0P1X0,www.olsn.ca/sheshegwaning/
Simcoe County Co-operative,L0307,2017,Southern Ontario Library Service,"County, County co-operative or Regional Municipality Library",1110 HWY 26 ,1110 HWY 26 ,Midhurst,Ontario,L0L1X0,http://www.simcoe.ca/dpt/lib
Sioux Lookout,L0031,2017,Ontario Library Service - North,Public or Union Library,P.O. Box 1028 ,21 Fifth Avenue ,Sioux Lookout,Ontario,P8T1B3,http://www.slpl.on.ca
Sioux Narrows Nestor Falls Twp,L0308,2017,Ontario Library Service - North,Public or Union Library,P.O. Box 119 ,Hwy 71 ,Sioux Narrows,Ontario,P0X1N0,
Six Nations FN,L0420,2017,Southern Ontario Library Service,First Nations Library,P.O. Box 149 ,1679 Chiefswood Road ,Ohsweken,Ontario,N0A1M0,www.snpl.ca
Smiths Falls,L0209,2017,Southern Ontario Library Service,Public or Union Library,81 Beckwith Street North ,,Smiths Falls,Ontario,K7A2B9,www.smithsfallslibrary.ca
Smooth Rock Falls,L0310,2017,Ontario Library Service - North,Public or Union Library,P.O. Box 670 ,120 Rue Ross ,Smooth Rock Falls,Ontario,P0L2B0,www.nt.net/smooth/index.html
South Algonquin Twp,L0311,2017,Ontario Library Service - North,Public or Union Library,P.O. Box 208 ,Post Street ,Whitney,Ontario,K0J2M0,www.olsn.ca/southalgonquin
South River-Machar Union,L0312,2017,Ontario Library Service - North,Public or Union Library,P.O. Box 190 ,63 Marie Street ,South River,Ontario,P0A1X0,http://www.olsn.ca/srmupl
Southgate Twp.,L0332,2017,Southern Ontario Library Service,Public or Union Library,Box 190 ,80 Proton St. N. ,Dundalk,Ontario,N0C1B0,www.southgate-library.com
Spanish Twp,L0381,2017,Ontario Library Service - North,Public or Union Library,8 Trunk Road P.O. Box 329 ,8 Trunk Road ,Spanish,Ontario,P0P2A0,www.town.spanish.on.ca/pages/library.asp
Springwater Twp,L0259,2017,Southern Ontario Library Service,Public or Union Library,12 Finlay Mill Rd. ,12 Finlay Mill Road ,Midhurst,Ontario,L9X0N7,http://www.springwater.library.on.ca
St. Catharines,L0025,2017,Southern Ontario Library Service,Public or Union Library,54 Church Street ,,St. Catharines,Ontario,L2R7K2,http://www.stcatharines.library.on.ca
St. Charles,L0313,2017,Ontario Library Service - North,Public or Union Library,P.O. Box 40 ,"22 St Anne St, Fabien Gauthier Business Ctr ",St. Charles,Ontario,P0M2W0,www.olsn.ca/stcharles
St. Joseph Twp,L0314,2017,Ontario Library Service - North,Public or Union Library,1240 Richards Street P.O. Box  9 ,1240 Richards Street ,Richards Landing,Ontario,P0R1J0,http://www.olsn.ca/stjoseph/
St. Marys Public Library,L0271,2017,Southern Ontario Library Service,Public or Union Library,15 Church St. N. P.O. Box 700 ,15 Church St. North ,St. Marys,Ontario,N4X1B4,www.stmarys.library.on.ca
St. Thomas,L0315,2017,Southern Ontario Library Service,Public or Union Library,153 Curtis Street ,,St. Thomas,Ontario,N5P3Z7,www.st-thomas.library.on.ca
Stirling-Rawdon,L0318,2017,Southern Ontario Library Service,Public or Union Library,P.O. Box 730 ,43 West Front St. ,Stirling,Ontario,K0K3E0,www.stirlinglibrary.com
"Stormont, Dundas & Glengarry County",L0319,2017,Southern Ontario Library Service,"County, County co-operative or Regional Municipality Library",26 Pitt Street ,,Cornwall,Ontario,K6J3P2,www.sdglibrary.ca
Stratford,L0269,2017,Southern Ontario Library Service,Public or Union Library,19 St. Andrew Street ,19 St. Andrew Street ,Stratford,Ontario,N5A1A2,www.stratford.library.on.ca
Sundridge-Strong Union,L0284,2017,Ontario Library Service - North,Public or Union Library,P.O. Box 429 ,110 Main Street ,Sundridge,Ontario,P0A1Z0,www.olsn.ca/sundridgestronglibrary
Tarbutt & Tarbutt Additional Twp,L0341,2017,Ontario Library Service - North,Contracting Municipality,27 Barr Road  R.R. #1 ,,Desbarats,Ontario,P0R1E0,www.tarbutttownship.com
Tay Twp,L0342,2017,Southern Ontario Library Service,Public or Union Library,P.O. Box 490 ,715 Fourth Avenue ,Port McNicoll,Ontario,L0K1R0,www.tay.library.on.ca
Tehkummah Twp,L0343,2017,Ontario Library Service - North,Public or Union Library,456 Hwy 542A ,Hwy 542A ,Tehkummah,Ontario,P0P2C0,tehklib@yahoo.ca
Temagami,L0021,2017,Ontario Library Service - North,Public or Union Library,P.O. Box 220 ,"7 Lakeshore Drive, Welcome Centre ",Temagami,Ontario,P0H2H0,www.temagami.library.on.ca
Temagami FN,L0439,2017,Ontario Library Service - North,First Nations Library,General Delivery ,,Bear Island,Ontario,P0H1C0,www.temagamifirstnation.ca
Temiskaming Shores,L1037,2017,Ontario Library Service - North,Public or Union Library,P. O. Box 2090 ,545 Lakeshore Rd. ,Haileybury,Ontario,P0J1K0,www.temisklibrary.com
Terrace Bay Twp,L0344,2017,Ontario Library Service - North,Public or Union Library,P.O. Box 369 ,13 Selkirk Avenue ,Terrace Bay,Ontario,P0T2W0,terracebay.library.on.ca
The Blue Mountains,L0065,2017,Southern Ontario Library Service,Public or Union Library,P.O. Box 580 ,173 Bruce Street South ,Thornbury,Ontario,N0H2P0,www.thebluemountainslibrary.ca
Thessalon,L0346,2017,Ontario Library Service - North,Public or Union Library,P.O. Box 549 ,187 Main Street ,Thessalon,Ontario,P0R1L0,www.thesslibcap.com
Thessalon FN,L0422,2017,Ontario Library Service - North,First Nations Library,40 Sugarbush Rd. R.R. #2  ,,Thessalon,Ontario,P0R1L0,
"Thornloe, Village of",L0347,2017,Ontario Library Service - North,Contracting Municipality,P.O. Box 546 ,35 Tenth Street ,Earlton,Ontario,P0J1E0,www.armstrongtownship.com
Thorold,L0348,2017,Southern Ontario Library Service,Public or Union Library,14 Ormond Street North ,,Thorold,Ontario,L2V1Y8,www.thoroldpubliclibrary.ca
Thunder Bay,L0349,2017,Ontario Library Service - North,Public or Union Library,285 Red River Road ,,Thunder Bay,Ontario,P7B1A9,www.tbpl.ca
Timmins,L0351,2017,Ontario Library Service - North,Public or Union Library,320 Second Avenue ,,Timmins,Ontario,P4N8A4,http://tpl.timmins.ca
Tiny Twp,L0352,2017,Southern Ontario Library Service,Contracting Municipality,130 Balm Beach Rd w ,130 Balm Beach Road West ,Perkinsfield,Ontario,L0L2J0,www.tiny.ca
Toronto,L0353,2017,Toronto,Public or Union Library,789 Yonge Street ,,Toronto,Ontario,M4W2G8,www.torontopubliclibrary.ca
Trent Hills,L0500,2017,Southern Ontario Library Service,Public or Union Library,P.O. Box 509 ,98 Bridge St. E. ,Campbellford,Ontario,K0L1L0,trenthillslibrary@trenthills.ca
Trent Lakes,L0159,2017,Southern Ontario Library Service,Public or Union Library,5 George Street P.O. Box 10 ,5 George Street ,Buckhorn,Ontario,K0L1J0,www.trentlakeslibrary.ca
Tudor & Cashel Twp,L0450,2017,Southern Ontario Library Service,Public or Union Library,Box 430  R R 2 ,371 Weslemkoon Lake Road ,Gilmour,Ontario,K0L1W0,www.tudorandcashellibrary@yahoo.ca
Tweed,L0355,2017,Southern Ontario Library Service,Public or Union Library,P.O. Box 628 ,230 Metcalf Street ,Tweed,Ontario,K0K3J0,www.tweedlibrary.ca
Tyendinaga Twp,L0339,2017,Southern Ontario Library Service,Public or Union Library,852 Melrose Road ,,Shannonville,Ontario,K0K3A0,www.ttpl.ca
Uxbridge Twp,L0356,2017,Southern Ontario Library Service,Public or Union Library,P.O. Box 279 ,9 Toronto Street South ,Uxbridge,Ontario,L9P1P7,http://www.uxlib.com
Val Rita-Harty Twp,L0357,2017,Ontario Library Service - North,Public or Union Library,C.P. 69 ,106 Government Rd ,Val Rita,Ontario,P0L2G0,http://www.olsn.ca/valrita/
Vaughan,L0359,2017,Southern Ontario Library Service,Public or Union Library,2191 Major Mackenzie Drive ,2191 Major Mackenzie Drive ,Vaughan,Ontario,L6A4W2,www.vaughanpl.info
Wahta Mohawk FN,L0453,2017,Southern Ontario Library Service,First Nations Library,Box 260 ,2664 Muskoka Road 38 ,Bala,Ontario,P0C1A0,
Wainfleet Twp,L0362,2017,Southern Ontario Library Service,Public or Union Library,P.O. Box 118 ,31909 Park Street ,Wainfleet,Ontario,L0S1V0,www.wainfleetlibrary.ca
Wasaga Beach,L0364,2017,Southern Ontario Library Service,Public or Union Library,120 Glenwood Drive ,120 Glenwood Drive ,Wasaga Beach,Ontario,L9Z2K5,http://www.wasagabeach.library.on.ca
Wasauksing FN,L0423,2017,Ontario Library Service - North,First Nations Library,P.O. Box 250 ,1508 Lane G Geewadin Rd ,Parry Sound,Ontario,P2A2X4,librarian@wasauksing.ca
Waterloo City,L0365,2017,Southern Ontario Library Service,Public or Union Library,35 Albert Street ,,Waterloo,Ontario,N2L5E2,www.wpl.ca
Waterloo Region,L0270,2017,Southern Ontario Library Service,"County, County co-operative or Regional Municipality Library",150 Frederick Street 2nd Floor ,2017 Nafziger Road ,Baden,Ontario,N3A3H4,www.rwlibrary.ca
Wawa,L0178,2017,Ontario Library Service - North,Public or Union Library,P.O. Box 1730 ,40 Broadway Ave ,Wawa,Ontario,P0S1K0,www.mtpl.on.ca
Welland,L0366,2017,Southern Ontario Library Service,Public or Union Library,50 The Boardwalk ,50 The Boardwalk ,Welland,Ontario,L3B6J1,http://www.wellandlibrary.ca
Wellington County,L0367,2017,Southern Ontario Library Service,"County, County co-operative or Regional Municipality Library",190 St Andrew St. W ,190 St Andrew St. W ,Fergus,Ontario,N1M1N5,http://www.wellington.ca/Library
West Grey Twp,L0336,2017,Southern Ontario Library Service,Public or Union Library,240 Garafraxa St. N. ,,Durham,Ontario,N0G1R0,www.westgreylibrary.com
West Lincoln Twp,L0370,2017,Southern Ontario Library Service,Public or Union Library,P.O. Box 28 ,318 Canborough Street ,Smithville,Ontario,L0R2A0,http://www.westlincolnlibrary.ca
West Nipissing,L0371,2017,Ontario Library Service - North,Public or Union Library,225 Holditch St Suite 107 ,,Sturgeon Falls,Ontario,P2B1T1,www.wnpl.ca
West Perth,L0372,2017,Southern Ontario Library Service,Public or Union Library,P.O. Box 100 ,105 St. Andrew St. ,Mitchell,Ontario,N0K1N0,http://www.westperth.library.on.ca
Westport,L0374,2017,Southern Ontario Library Service,Public or Union Library,P.O. Box 28 ,3 Spring St ,Westport,Ontario,K0G1X0,http://village.westport.on.ca/about-westport/westport-public-library
Whitby,L0027,2017,Southern Ontario Library Service,Public or Union Library,405 Dundas Street West ,405 Dundas Street West ,Whitby,Ontario,L1N6A1,www.whitbylibrary.ca
Whitchurch-Stouffville,L0148,2017,Southern Ontario Library Service,Public or Union Library,2 Park Drive ,2 Park Drive ,Stouffville,Ontario,L4A4K1,www.wsplibrary.ca.
White River Twp,L0375,2017,Ontario Library Service - North,Public or Union Library,P.O. Box 458 ,123 Superior Street ,White River,Ontario,P0M3G0,www.whiteriverlibrary.com
Whitefish River FN,L0425,2017,Ontario Library Service - North,First Nations Library,52 Bay of Islands Road ,52 Bay of Islands Road ,Birch Island,Ontario,P0P1A0,www.whitefishriver.ca
Whitestone-Hagerman Memorial,L0377,2017,Ontario Library Service - North,Public or Union Library,General Delivery ,2206  Highway 124 ,Dunchurch,Ontario,P0A1G0,www.olsn.ca/whitestonelibrary
Whitewater Region,L0482,2017,Southern Ontario Library Service,Public or Union Library,20 Cameron Street P.O. Box 159 ,20 Cameron Street 159 ,Beachburg,Ontario,K0J1C0,http://libraries.whitewaterregion.ca/
Wikwemikong FN,L0426,2017,Ontario Library Service - North,First Nations Library,34-A  Henry Street ,34 Henry Street ,Wikwemikong,Ontario,P0P2J0,www.olsn.ca/wpl
Windsor,L0378,2017,Southern Ontario Library Service,Public or Union Library,850 Ouellette Avenue ,,Windsor,Ontario,N9A4M9,www.windsorpubliclibrary.com
Wollaston,L0380,2017,Southern Ontario Library Service,Public or Union Library,Hwy 620 P.O. Box 280 ,2149 Hwy 620 ,Coe Hill,Ontario,K0L1P0,www.wollastonpubliclibrary.ca
Woodstock,L0379,2017,Southern Ontario Library Service,Public or Union Library,445 Hunter Street ,,Woodstock,Ontario,N4S4G7,www.woodstock.library.on.ca
,,,,,,,,,,

Test,qqq,www,eee,rrr,ttt,uuu,iii,ooo,ppp,aaa
test2,zzz,xxx,ccc,vvv,bbb,nnn,mmm,aaa,sss,ddd
